,architecture,parameters,accuracy
0,1-5,23,0.769158711749487
1,1-10,23,0.9317958783120707
2,1-20,23,0.9486573289321081
3,1-25,23,0.9469622624676599
4,2-5-5,23,0.5609777857079132
5,2-5-10,23,0.8481577303952181
6,2-10-5,23,0.8761263270586136
7,2-10-10,23,0.909626193237577
